id,happiness
8001,3.8128858765101135
8002,2.8477791454908394
8003,3.4690239960325924
8004,4.344449796393173
8005,3.2704712915023544
8006,4.3727150450434475
8007,3.931439020024026
8008,4.4705122442026894
8009,4.056741074817853
8010,2.8443341246536304
8011,3.0049142361993604
8012,3.6858328638086166
8013,4.162154467091844
8014,3.5626516489483917
8015,3.5354249960760367
8016,4.559570436123258
8017,3.6657812864341857
8018,4.358821508762008
8019,3.8429937379245964
8020,3.9805132150973592
8021,4.0797186518858055
8022,3.7483580179709155
8023,4.058818331083489
8024,3.8194146042968686
8025,3.1343874241882927
8026,4.047243256424357
8027,4.26991444868687
8028,3.947218403023029
8029,4.443382857063271
8030,4.243169302599119
8031,3.8854840014090386
8032,4.221090014233549
8033,4.079700148307591
8034,3.4749612291230436
8035,3.4417172173784447
8036,4.503172887900173
8037,4.060039721613558
8038,4.039641479092081
8039,3.775604530006676
8040,4.131634396468442
8041,4.290377853275476
8042,3.750431839833079
8043,4.002418836092617
8044,3.787945495694966
8045,4.365919652454059
8046,4.0171517817172075
8047,4.439029899779412
8048,3.91961576093915
8049,3.7951372745898357
8050,4.493368205575566
8051,3.91526528936134
8052,4.134638402260188
8053,2.978623247764762
8054,3.950670346373366
8055,4.189618176116135
8056,2.7813821870784547
8057,3.8452460895665133
8058,3.3849719423885722
8059,2.912373251992768
8060,4.234127140534665
8061,3.2279252535565153
8062,3.368153176693146
8063,3.9396221317117783
8064,4.106542037931076
8065,4.05672979598512
8066,4.168267945775024
8067,4.0620704528838045
8068,3.9725269641077174
8069,3.6938878202919274
8070,4.101419069307173
8071,4.050305937224574
8072,4.3109740537470564
8073,3.6280468749922465
8074,3.8190905600418206
8075,3.347933658373964
8076,3.8260904470633195
8077,3.560022096211631
8078,3.986714678430323
8079,4.438936063532949
8080,4.041089736156866
8081,3.9986243076758736
8082,3.9710781308961964
8083,4.450232035702933
8084,4.366740066469816
8085,4.440548614414753
8086,4.181354837122446
8087,4.125668994454709
8088,4.1269024242131325
8089,3.607497335475405
8090,3.862324617741223
8091,4.1540497098506854
8092,3.7840200024622668
8093,4.2315017542828866
8094,4.209979293134299
8095,4.7963602892149435
8096,3.3692196863314474
8097,4.32904361760008
8098,3.8765793488084714
8099,3.648056044366352
8100,4.0523729386505165
8101,4.125563453318761
8102,4.131963335924511
8103,3.5895852708278015
8104,4.6163681332490585
8105,4.026911862832118
8106,4.334913536745778
8107,4.3380615270905425
8108,4.088861659037487
8109,3.7011558569108334
8110,3.638528754071968
8111,4.252414509120715
8112,3.5786313571175508
8113,3.817781261857279
8114,4.537854865922364
8115,3.9280971209129447
8116,4.263261527341413
8117,3.7761137303178507
8118,3.7034578593273855
8119,4.080106231267881
8120,4.521500146556173
8121,3.188633444877551
8122,4.231563819340813
8123,3.5853510794615797
8124,3.753059633022797
8125,4.178597207605982
8126,4.585722916035112
8127,1.9246672641467228
8128,4.027293802071273
8129,3.8228887326219145
8130,3.9432715316455615
8131,3.9086261528201605
8132,4.249178614776344
8133,4.210204537126735
8134,4.209234826631407
8135,3.975507922014841
8136,4.5305179421900235
8137,4.169675487409096
8138,3.553245791363664
8139,3.8528596963994293
8140,3.0572972227688258
8141,3.992669878117444
8142,3.808013421213418
8143,4.440497464317891
8144,3.7248327003303636
8145,4.18569653538868
8146,2.0752502774226653
8147,4.022602856683671
8148,2.611926878097913
8149,3.7163842804865395
8150,3.7707485607147264
8151,2.925793088451041
8152,4.010104236267882
8153,3.488855922322697
8154,3.6269058180608424
8155,3.8496209659088203
8156,3.7586589172013705
8157,3.8633087155083166
8158,3.249130707761967
8159,4.030068050138241
8160,3.9964714543478927
8161,3.5368774386209934
8162,3.987952970123551
8163,4.098024561664381
8164,3.8549031541932925
8165,4.165585958121404
8166,4.274826618182152
8167,3.82158829793091
8168,2.915518980541121
8169,3.16710122072401
8170,3.8207787986207173
8171,3.929426582746651
8172,4.013098937432944
8173,3.755556455372336
8174,3.478477157039909
8175,3.749136471865337
8176,4.176837085756487
8177,2.443669232009949
8178,4.432452301990944
8179,4.12529117411038
8180,3.1729781170686646
8181,3.6651281259186623
8182,4.034354223344939
8183,3.709595884252983
8184,3.7309269454346112
8185,3.157969775745799
8186,3.325871339215718
8187,4.143891516311362
8188,3.89507763341636
8189,3.8770815622241863
8190,4.285019966348857
8191,3.9462903560123386
8192,3.865759363159275
8193,3.9052938324112243
8194,3.896381868988707
8195,4.425992022426013
8196,3.1567196296828524
8197,3.9690147206770643
8198,4.14945719596857
8199,4.233312299463122
8200,4.807165431215253
8201,3.4752135193175895
8202,4.088439484541944
8203,3.8245341377912814
8204,4.146157053003587
8205,4.181270706570954
8206,3.916057294567547
8207,3.9152146942396118
8208,4.017218183426629
8209,3.7837491746004766
8210,3.7261557496200517
8211,3.6048815529297573
8212,4.229782927540654
8213,4.504237943158247
8214,4.083445079147647
8215,3.5970881931876457
8216,4.1967290391095835
8217,3.40556546359325
8218,3.8054653386132613
8219,3.831861246352418
8220,4.097241978221688
8221,4.5064608425592185
8222,4.019543126621008
8223,3.0128375845206943
8224,3.8603809657385852
8225,4.066266109864264
8226,3.902705079522175
8227,4.33573557023687
8228,3.2397604774666076
8229,4.104875610589011
8230,3.2427918203975703
8231,3.9343014802677194
8232,3.8395260034231677
8233,3.9654301696846224
8234,3.9140871224575116
8235,3.765535448860601
8236,3.1179298563514712
8237,3.7151694482719613
8238,3.9740432591310033
8239,3.6682587419090877
8240,3.255693994125354
8241,3.331491376590341
8242,3.915324741896074
8243,4.4374777872728925
8244,4.098674931401929
8245,3.4610906228338925
8246,3.939116847083194
8247,3.9357767596388022
8248,4.134688023545426
8249,4.308494720377315
8250,4.055829198246669
8251,4.2444320191642415
8252,4.334324903911187
8253,3.8182623704601504
8254,3.7875898766745575
8255,3.682604184465736
8256,3.5312898360597664
8257,3.977550794042065
8258,2.801640350522247
8259,4.3493934975240185
8260,3.832289036486425
8261,4.302305686450316
8262,3.947480013497332
8263,4.023251056530777
8264,3.962885718916991
8265,4.485554062024437
8266,3.2629318509251504
8267,3.9345143873307373
8268,3.928869170416633
8269,3.5094825552301536
8270,3.58925181835813
8271,2.7101134275024625
8272,4.082853447128796
8273,3.5865624137800642
8274,3.569164498982054
8275,4.245800902763793
8276,4.1366925142381845
8277,4.030821198772274
8278,3.856792768310562
8279,4.386917489726304
8280,4.2393076492786275
8281,4.171829644708349
8282,4.129287632201849
8283,3.759533143436913
8284,4.3989726248047845
8285,3.853457894587922
8286,2.0
8287,4.484294447352285
8288,3.9582737555370597
8289,4.1201155105411145
8290,4.099236174257662
8291,4.148790579472143
8292,4.0651237706800325
8293,3.744612278673966
8294,4.449682629514641
8295,3.315437219845273
8296,4.089545896428102
8297,3.5197655237926817
8298,4.632598903863908
8299,2.803879067210041
8300,3.300073177299855
8301,3.8710266907010134
8302,4.227131174590823
8303,3.656438611315169
8304,4.159797577013094
8305,4.126895616655575
8306,4.786467400307464
8307,4.2628238405283865
8308,4.279336575984837
8309,3.7658088829901457
8310,3.7593799781129835
8311,4.211582290545633
8312,4.613218215782213
8313,4.243016252422358
8314,3.009381199960423
8315,4.095841900530162
8316,4.136896421299703
8317,3.8633389366866235
8318,4.257123779495805
8319,3.1786439483953037
8320,4.085731519107416
8321,4.159181456180195
8322,4.261693424630843
8323,3.814373801522681
8324,3.633923064141783
8325,4.189511495312956
8326,4.35251548383766
8327,4.058329146960842
8328,4.063768346202412
8329,3.3712081491550814
8330,4.310629622104643
8331,4.333005829473872
8332,3.929419444935876
8333,3.6534304172356107
8334,4.062195056546593
8335,3.555168411845969
8336,3.9534441057627014
8337,3.360743636009171
8338,4.13651033326742
8339,3.822338506253299
8340,3.677369739817717
8341,4.115386201040355
8342,4.079643386037111
8343,3.0303155158948325
8344,4.371357867948291
8345,3.7510526906920143
8346,3.1325184368232533
8347,3.0315324925551987
8348,3.9496873597482085
8349,4.130669264245529
8350,3.4530263684301614
8351,3.9806052581390547
8352,3.5996156348377295
8353,3.1919918821301208
8354,3.998831431282087
8355,3.488484914213501
8356,4.337857488924635
8357,3.8509458117711475
8358,3.9060641165804943
8359,3.669125746215292
8360,3.9386022507697622
8361,4.034016318895928
8362,4.0546229640442855
8363,3.570155816920785
8364,3.4880739139748864
8365,3.7758926448894923
8366,3.780018794724465
8367,4.016621748942876
8368,4.285381393795421
8369,3.665040925681364
8370,3.4510531618557523
8371,4.070556164982561
8372,3.783010454464678
8373,2.1519730374654613
8374,3.1858140541522157
8375,4.291713854859153
8376,4.500518528241317
8377,4.038978062350462
8378,4.071204915957004
8379,4.32216858283658
8380,3.291456624840154
8381,4.52451396698441
8382,4.048932131449381
8383,4.237493489229338
8384,3.31586671520463
8385,3.8485032802412733
8386,4.3293038236610935
8387,4.026359642812626
8388,4.145184454258103
8389,3.49151685243955
8390,4.189462048237612
8391,3.647483322680602
8392,3.520767822495625
8393,4.137950896018131
8394,4.3255748184188345
8395,4.132090262050703
8396,3.676541602716147
8397,3.8964061510074255
8398,3.5032556696968635
8399,4.249605063898586
8400,4.064020997431609
8401,4.78806583329907
8402,3.6805346587279484
8403,4.547142325700189
8404,4.10526534572803
8405,4.607014491844309
8406,4.2376652213572115
8407,3.8207783485298705
8408,4.673053409721064
8409,4.246561646603177
8410,3.9016323083418305
8411,4.15338617905573
8412,3.631784676971758
8413,3.9486222849300727
8414,4.177547304095652
8415,3.626784283051833
8416,4.057467857639484
8417,3.939125997524667
8418,4.604983819200648
8419,3.708453227896186
8420,3.7795568968700195
8421,3.9408722308915176
8422,3.5441040981590026
8423,4.1812816346535335
8424,2.9917134113692607
8425,3.9975653468686376
8426,4.116826349769081
8427,3.9154243742410033
8428,4.390558469217043
8429,3.7372534686461987
8430,4.278629947612849
8431,3.956553363023821
8432,4.132798831013255
8433,4.02485146785661
8434,4.161616282531756
8435,3.972534177410307
8436,3.7271099013819646
8437,4.033178789540575
8438,4.098889674172314
8439,2.971797732815872
8440,3.3614661722226282
8441,4.1191557901882305
8442,3.83908168876067
8443,4.081403635153612
8444,3.9734144878907687
8445,3.779556239431062
8446,3.5816232539062582
8447,3.694764517909126
8448,3.3795734755372258
8449,3.4984113427965697
8450,3.4156194703147333
8451,2.8479369402654955
8452,3.108911399659666
8453,4.1753693131825855
8454,4.026683235669734
8455,3.6872794388383805
8456,3.9523618521061388
8457,3.7646057547428997
8458,4.055133889886161
8459,4.340958950232261
8460,3.5992886829312702
8461,3.824753801872858
8462,3.671429618978726
8463,4.127946135395258
8464,3.6576664798825815
8465,3.782883107680631
8466,4.573796790944371
8467,2.7369473150112578
8468,3.1669423764854243
8469,4.255373435267759
8470,3.5325570987410897
8471,3.9573776645475376
8472,4.266714140604268
8473,4.022462365533319
8474,4.11975248656872
8475,3.81054069228702
8476,4.217300017419083
8477,4.227150301275445
8478,3.8823803043254697
8479,4.207822082153441
8480,3.2714948955607035
8481,4.205579172665868
8482,3.453767598518962
8483,3.5583699535018876
8484,4.233880157198173
8485,4.075086662801706
8486,4.712447305007909
8487,4.081591156615025
8488,4.202273552883586
8489,4.625077464261404
8490,4.149279203669101
8491,4.423876318463992
8492,4.222160035896195
8493,4.222949852693688
8494,3.595028972945606
8495,4.171329924514739
8496,4.62558280270984
8497,2.687557931902565
8498,3.5264253444695632
8499,4.2039690186953065
8500,3.633395322962057
8501,4.1148911577665555
8502,3.139881061782175
8503,4.0318647032452715
8504,3.4383519117080805
8505,2.6766820726561544
8506,4.008762933269995
8507,4.0634199453414
8508,3.2973164742763412
8509,4.598768518086526
8510,3.8174197594916444
8511,3.8054726022609486
8512,4.22544050982864
8513,3.8562521964091547
8514,4.3530358374289015
8515,3.466583985671047
8516,3.426163271504838
8517,3.6711306306414624
8518,2.793550876081606
8519,4.3141053215641785
8520,4.39099982765736
8521,3.8861356996254255
8522,2.9595817592779525
8523,3.5208600885553
8524,3.6975839501285064
8525,4.002182730702574
8526,4.545305279635947
8527,4.090161291202415
8528,3.5467268969373347
8529,3.8191407836803277
8530,4.168661922434522
8531,4.129353463100907
8532,4.047321714755886
8533,3.793511017917335
8534,4.314237177452074
8535,4.1048411155008235
8536,3.7045458487272165
8537,3.4948794653078186
8538,4.18010778066834
8539,4.194700170934238
8540,4.069815193221301
8541,4.258003428918925
8542,3.427428067400683
8543,3.476837447236751
8544,4.036555401439038
8545,3.959863300670872
8546,3.8776703969013533
8547,3.7006583352243982
8548,4.310797322444209
8549,3.2842013928891207
8550,3.8732839138228115
8551,4.109568519426541
8552,4.183637750460794
8553,4.402651671022721
8554,3.7098768272405565
8555,4.543108920518646
8556,3.92851303933615
8557,4.008536644201167
8558,3.6307964015174923
8559,3.8642132582731463
8560,2.890254420369423
8561,4.050162678742655
8562,4.3538206221912965
8563,3.6135483126032186
8564,4.317343697577014
8565,4.19133325393129
8566,4.263150290995507
8567,4.389522844958967
8568,3.5942321411502
8569,2.0
8570,4.161415376198877
8571,4.068139440876306
8572,2.9288381521642064
8573,1.6918525530812032
8574,3.8381900617218223
8575,4.031615757022154
8576,3.7775992086748293
8577,3.8482058011567597
8578,3.841839083255757
8579,4.0733717080805825
8580,4.474371844013376
8581,4.176302722239501
8582,3.7349601337800262
8583,4.3281207139851015
8584,3.7629356953823985
8585,3.9204336295347213
8586,4.190556836915857
8587,3.7969035554501103
8588,4.8075252211838855
8589,4.4173068865157665
8590,3.988273245392836
8591,4.317094098246631
8592,4.096281405510838
8593,3.897936017544881
8594,3.7618427151325644
8595,3.017770371484609
8596,4.23722448792467
8597,3.9939777344972933
8598,3.731477040961579
8599,3.581717863944087
8600,3.7720498135695752
8601,2.903671094368894
8602,3.069563873910365
8603,3.6834540121275436
8604,3.6878969948593503
8605,3.5313175834988164
8606,4.008481592650743
8607,3.939806650805256
8608,3.9332283268794113
8609,4.229163112699165
8610,3.1581711445092564
8611,4.469394532598211
8612,3.44072989263828
8613,3.8971266560558924
8614,3.956845964162649
8615,4.389866158059831
8616,4.321884222381225
8617,3.9422928728857896
8618,3.5869460087209695
8619,4.339972885807665
8620,4.175586534222196
8621,2.4053381422621163
8622,4.433927603812325
8623,4.77393817503727
8624,3.073891103498765
8625,2.841735055936193
8626,4.385819858119631
8627,4.267805591612049
8628,4.296829260153591
8629,4.289508795953953
8630,4.173260996366333
8631,3.941815605545263
8632,2.879127222351916
8633,3.8154499393624746
8634,3.7272300383313093
8635,3.1685999292019975
8636,3.745645312967061
8637,3.4339988429603157
8638,4.204790629056847
8639,3.066302766671338
8640,3.4160599339327025
8641,4.364063179903664
8642,3.154145851582502
8643,3.868561766105274
8644,4.439508912093421
8645,3.3803548735088467
8646,3.5846745005347236
8647,3.2723892561754964
8648,4.237922265353527
8649,4.7131879944387105
8650,3.3833328812077825
8651,4.188377159430099
8652,3.039010363781153
8653,4.244797789730127
8654,4.385794218305896
8655,3.5362069741895112
8656,3.9043292903226186
8657,4.218186609566065
8658,2.7081413027181975
8659,3.2455691692373816
8660,4.139127404642753
8661,4.166198753001485
8662,4.208312873595232
8663,4.366495416917483
8664,3.1047145971617978
8665,3.8410520337925322
8666,4.2229549498315135
8667,4.422588536329694
8668,3.976075236137893
8669,3.465836055412027
8670,3.9946200736515163
8671,3.778310363489538
8672,3.8046818275628174
8673,3.3557046476646453
8674,4.45016454954774
8675,3.4141442244200477
8676,4.287286310259467
8677,3.7112768877904347
8678,3.9095844255704724
8679,3.875632074167958
8680,2.8214507731554987
8681,3.7517494304134043
8682,3.8857427911008693
8683,3.87565327839628
8684,4.286697612064141
8685,3.9496219665112484
8686,3.914178105607066
8687,4.183903949568196
8688,4.439113432583069
8689,4.202917220004848
8690,4.052121866444641
8691,4.061612300140708
8692,4.074831890438346
8693,3.947667624417861
8694,2.8862073163440183
8695,4.033989150741591
8696,4.111932166378907
8697,3.9698799085980103
8698,3.9492320052109386
8699,3.7095560019511558
8700,4.234846459537093
8701,4.444789709830372
8702,3.8733873628147952
8703,4.153332867050921
8704,3.877121741504934
8705,3.3752947624433753
8706,3.419692036382939
8707,4.054359624397414
8708,4.265907853654302
8709,3.6007522901538582
8710,4.01973701191223
8711,3.412778916235079
8712,4.0754731358210625
8713,4.27192036114684
8714,3.5466070784257777
8715,4.640595522598939
8716,4.097585349909392
8717,4.144752926529333
8718,3.5928753504157096
8719,4.223267368304536
8720,3.6834436981133774
8721,3.833515410362445
8722,3.754506290642456
8723,3.023417954354352
8724,4.311125063025564
8725,2.7270971411880662
8726,3.9390723631203164
8727,3.954470283407015
8728,3.697427721742274
8729,4.355307005306402
8730,2.9438026573425176
8731,4.035878614407269
8732,4.124691008588407
8733,4.149399173934308
8734,3.5796477037576317
8735,3.7676061046604494
8736,3.6523770800957696
8737,4.175242836004234
8738,4.167508184491551
8739,4.185946451167313
8740,3.7639653827485504
8741,3.7822095471431947
8742,3.708637810164354
8743,3.9513883790660342
8744,3.353142070727428
8745,3.9681821551324066
8746,4.073306024580023
8747,4.091213587166766
8748,5.0
8749,4.263797606435479
8750,4.157188929863192
8751,4.354923569421604
8752,3.526798273685201
8753,4.091838763350699
8754,3.635106086670839
8755,4.126006278981326
8756,2.9067859950267967
8757,4.282805637934702
8758,4.0165008394031405
8759,4.3569194897745485
8760,3.5771159684561438
8761,3.75891374066213
8762,1.9483064449125502
8763,3.911374506243845
8764,3.7538101527697068
8765,3.6524703273933747
8766,4.121088154882157
8767,3.8688287293369017
8768,3.89231984452124
8769,3.9054483562321076
8770,4.022804215754326
8771,4.461532706417458
8772,4.253175183587891
8773,4.153800157612682
8774,3.852413092991343
8775,3.8198407396673986
8776,4.155445549938731
8777,4.166479786903692
8778,3.6726714510112566
8779,3.68963227602398
8780,3.4934284925628387
8781,3.116212334752007
8782,4.410959562621546
8783,4.775342580629424
8784,4.100040732977249
8785,4.167243336572669
8786,3.9910805825157927
8787,2.9868125017029823
8788,3.789796014132366
8789,3.68052170293092
8790,4.016820191886373
8791,3.4566288698862984
8792,3.7794548003511603
8793,3.98785259394496
8794,4.367522858789197
8795,4.1508308804135705
8796,4.485315632540854
8797,2.970292014223813
8798,3.9180689698961744
8799,4.190094108513539
8800,3.6084389568129716
8801,3.909531724111138
8802,3.357295828186578
8803,3.825499926585045
8804,4.008262173163847
8805,3.718586464853398
8806,3.6842403583509054
8807,4.106676143074245
8808,4.712508875095486
8809,3.7635243428711123
8810,4.58218880818484
8811,2.4606319446207983
8812,4.071823360279703
8813,4.723625228813864
8814,3.7218426496173636
8815,4.570542423788225
8816,3.3336591236373234
8817,3.773369474388943
8818,4.056910576615233
8819,3.6813617760881296
8820,2.2814715280252353
8821,4.1732366143262976
8822,3.4146017499207555
8823,4.213202306848218
8824,3.923170807681386
8825,3.6082258151953774
8826,3.6651015787674868
8827,3.979874515579061
8828,3.84049643309948
8829,3.2808672475396565
8830,3.0970339538599228
8831,4.613340766940001
8832,3.437693461620137
8833,4.135323919513878
8834,3.6633764202878623
8835,3.7227882070353147
8836,3.550801418116816
8837,3.847611779357522
8838,3.8879388643732744
8839,3.6877805407795154
8840,4.0782505579949255
8841,4.150427660883011
8842,4.4786155455715155
8843,4.136145515587861
8844,3.876227507487216
8845,4.360992842392484
8846,4.157976972321535
8847,2.7643318761582183
8848,3.3098663460173876
8849,2.784599340640509
8850,2.0550203164608347
8851,4.112923890783929
8852,3.2364226649525563
8853,3.9895977904485194
8854,3.896829231680767
8855,3.4934316140019277
8856,3.725781879805109
8857,4.016350834383064
8858,3.3485840961883606
8859,2.7961681601225927
8860,4.051387751627947
8861,3.0349020634038686
8862,3.4470292039360766
8863,4.142816513941818
8864,3.979307541408514
8865,4.149475301752374
8866,4.098019907048694
8867,3.9592424870576566
8868,4.296373385896425
8869,3.6355002647822037
8870,4.029690815581765
8871,3.78044138700911
8872,4.222673924098415
8873,3.1978182142935596
8874,3.0635537116350147
8875,3.589204459021467
8876,3.533076705745896
8877,4.599997161358485
8878,4.186870019529738
8879,3.9451869093585854
8880,4.144414778473511
8881,4.133199955791272
8882,3.2490419259443777
8883,3.3679825267055286
8884,3.7023224650360493
8885,3.8431783590324877
8886,3.1415712432555414
8887,3.7795522627853084
8888,4.783685758569726
8889,3.5045572132189378
8890,4.228942354614619
8891,4.12223473113121
8892,3.6400195434948257
8893,3.9902644679543817
8894,3.91427838263634
8895,4.797177611285231
8896,4.313819735765476
8897,4.131317046626944
8898,3.4753597787805925
8899,4.59389019639612
8900,3.8344939713726105
8901,4.074946146636533
8902,3.581660838620589
8903,4.002254109213946
8904,4.018033125677286
8905,3.7338293339089104
8906,3.3578620002244453
8907,4.176611036193412
8908,3.045673089611477
8909,4.159115731064004
8910,4.154462680578539
8911,4.300302472329208
8912,4.8802196441290695
8913,4.110961885818418
8914,4.2185123759785474
8915,4.410622908635899
8916,3.75052340418315
8917,3.331245988103902
8918,4.5464700237755
8919,4.396212994381076
8920,3.40077357899711
8921,3.212204431422574
8922,4.151399262686115
8923,3.98231330886463
8924,4.025952801739172
8925,3.398173836436267
8926,4.236991750977658
8927,4.081466391336476
8928,3.023124611602361
8929,4.223096617974872
8930,4.940248232355625
8931,3.4767870469136475
8932,4.078491929266926
8933,3.1220908372387806
8934,3.993105218681654
8935,3.8305462551417624
8936,3.9098339238566355
8937,3.137637154047303
8938,3.669789367005099
8939,3.947743178163453
8940,3.860620825742842
8941,3.811187206629261
8942,3.983006616846363
8943,3.5336054650574384
8944,3.526367960459134
8945,4.0468838726606595
8946,4.176922934726492
8947,3.3466175125595448
8948,4.173923005835505
8949,3.893059902236049
8950,4.0999973270218435
8951,2.8457584440397916
8952,4.304985125911854
8953,3.5454509801705694
8954,3.8299154388515992
8955,3.4455682776528667
8956,3.404313262487771
8957,4.307738468331994
8958,4.0698268127311295
8959,4.0895768729305875
8960,4.302860149321397
8961,3.775857909579495
8962,4.220200459243598
8963,3.7189107898892937
8964,4.535143204510919
8965,4.3591761232643575
8966,4.047639957476747
8967,4.284846202405048
8968,3.7484500178287257
8969,4.429643467686785
8970,3.959999234342269
8971,3.85549272444627
8972,3.1986243483353527
8973,3.256700488031359
8974,4.291785760670144
8975,4.080397314749893
8976,3.99794928681586
8977,4.084562043937826
8978,3.951109254086992
8979,4.440281175796332
8980,3.313602653952219
8981,4.187906686418473
8982,3.1050564402810275
8983,4.243804896220905
8984,3.977048542914751
8985,3.8610870621288473
8986,4.307348286949722
8987,3.496406953251972
8988,4.411848877645655
8989,4.269951968377317
8990,3.492561120531815
8991,4.2471350406797646
8992,4.047990485644715
8993,3.320670913736401
8994,3.7777366498520957
8995,4.225099122408976
8996,4.019482688214162
8997,3.5304716532980884
8998,3.6091454596840307
8999,4.140821512535378
9000,3.911699110362685
9001,4.054042889051452
9002,4.487739546364975
9003,4.003899131322663
9004,2.674146838473895
9005,4.348966259725987
9006,4.265303315703925
9007,3.6012172164036653
9008,3.771734240012827
9009,4.110588674497359
9010,4.295772392005136
9011,4.030295047528281
9012,4.035026565102016
9013,3.682638345347797
9014,3.8047516038378606
9015,3.7804265525114995
9016,4.38620722562879
9017,4.206558330804175
9018,3.9605749908164625
9019,3.662072477682936
9020,3.7817119038260176
9021,4.1488303819774766
9022,4.581656479862479
9023,2.7517523137578617
9024,3.854054446256119
9025,3.723798910163269
9026,4.433652077992415
9027,3.5005442442347796
9028,3.993231476164766
9029,3.3798805790303277
9030,3.8550637622064263
9031,4.120175424804234
9032,4.289052153325783
9033,3.4278086136135837
9034,4.384390508504455
9035,4.179615636123382
9036,3.3103448816693968
9037,4.244152902002865
9038,4.025830609094282
9039,2.7702818115017678
9040,3.7610045466568645
9041,3.631721743079731
9042,3.098648520023127
9043,3.9493908248333724
9044,3.79906319782905
9045,3.8327405390837406
9046,3.2069668954346433
9047,2.10779940808214
9048,4.442953383046164
9049,4.124577381219797
9050,4.309897472697441
9051,3.8941929787528466
9052,3.7910236593896505
9053,3.8540060538019363
9054,2.9362367101478326
9055,3.6980213865074125
9056,3.6684309964816344
9057,4.346465624539833
9058,4.023698208466876
9059,3.966238597249177
9060,3.997354845329903
9061,3.9380769623846024
9062,3.292563082263359
9063,3.7164691916212464
9064,4.200941359001832
9065,4.051942297491961
9066,3.2068645373385287
9067,3.5892619561772694
9068,3.904915731336164
9069,3.578275149141714
9070,3.99166527645996
9071,3.5201357302708027
9072,4.108759005185111
9073,4.207536319916561
9074,3.529061679316502
9075,3.21298401987561
9076,3.6453059817739533
9077,4.272592713196244
9078,3.4621667729589176
9079,4.1778522796788495
9080,3.734353350785975
9081,4.185349243008855
9082,3.532405836041148
9083,4.160433629419403
9084,4.194122403479016
9085,4.342904025656655
9086,3.7714205870097643
9087,4.503080828768964
9088,3.2128797036787162
9089,4.242171218048802
9090,3.743103500259259
9091,3.0597273466487453
9092,3.9420125890580326
9093,4.296260877606782
9094,3.9001021892101106
9095,4.178921801306255
9096,4.028572389096476
9097,3.3431556153160455
9098,3.6028088518669947
9099,3.4639009982528295
9100,4.220553330477488
9101,4.34878179619159
9102,4.412811966091088
9103,4.145001117520938
9104,3.7266978689203842
9105,3.71361665812965
9106,3.4165537661137844
9107,3.980288929691247
9108,4.286898265894658
9109,4.262617746008384
9110,3.868963582296999
9111,4.515321283850836
9112,3.9524086384306867
9113,4.059425770165259
9114,3.9848868243195628
9115,3.473506899297615
9116,4.002412354979461
9117,4.2538188807415285
9118,4.323560895999032
9119,4.221772420220285
9120,4.17572465279984
9121,3.8200905762496182
9122,4.150747832515588
9123,3.7869103973820883
9124,3.8016646886777314
9125,3.883229783007079
9126,3.425375371474029
9127,4.3015788784133
9128,3.9464103186846566
9129,3.2901909758178975
9130,2.690195336065233
9131,4.440477220799384
9132,3.5905188071280953
9133,3.7269238583815243
9134,3.831881522848252
9135,4.05297802386064
9136,4.22472534603217
9137,3.9271948388358435
9138,4.107679210533384
9139,3.294327547224215
9140,5.0
9141,3.6894709050448538
9142,4.346746614680529
9143,3.1873416432945074
9144,4.054209126620041
9145,4.170177103619575
9146,4.08866112576409
9147,2.6563027056981054
9148,3.3230707307940754
9149,4.331660679882759
9150,3.9804052445533973
9151,4.410211808809046
9152,4.1532058929997016
9153,4.723476825326313
9154,4.156103881951666
9155,4.106044883273862
9156,4.111015880057443
9157,3.8479996749130168
9158,3.644179276592009
9159,3.8428773646263035
9160,2.3092750463632044
9161,3.2566907291308302
9162,3.9109954750642766
9163,4.355386237127896
9164,4.086148712489384
9165,4.038396832309842
9166,3.843881176233542
9167,3.7469447980784256
9168,4.080835201647853
9169,3.872345223389889
9170,3.922924887625123
9171,3.0543325531876375
9172,4.318378888462409
9173,4.199388744869278
9174,3.8579033379181475
9175,4.27147523622963
9176,3.5742167369899196
9177,4.161933802916904
9178,3.416719329797246
9179,3.8260013491860576
9180,3.5255449039516757
9181,4.194382974845093
9182,2.2224724687383826
9183,4.385671484962158
9184,3.461978703622813
9185,3.2813086712491955
9186,3.8544792760309523
9187,4.144129156663747
9188,3.4402387854978507
9189,4.309410137415365
9190,2.195973273510253
9191,4.211063431749573
9192,4.050748355657589
9193,4.485711821044309
9194,4.226105125033995
9195,4.078895642557237
9196,3.6897287865296944
9197,4.039175817940019
9198,3.933195880376369
9199,4.355798673045271
9200,3.572363288815231
9201,3.52066324042272
9202,3.8030141670275155
9203,4.0706066050977
9204,4.010064593045258
9205,4.08909295450603
9206,4.373418491482099
9207,3.4806994848487878
9208,3.984238232512575
9209,3.8455104735133605
9210,4.673011224742892
9211,3.043010308337106
9212,3.9110302049134242
9213,3.7918963743703302
9214,4.207592892210096
9215,4.289294098429613
9216,4.2833325552747485
9217,3.5946953891513047
9218,4.0698524249956956
9219,4.234154304294099
9220,4.014660708660473
9221,4.047807627592146
9222,3.4050958633371025
9223,3.893162650456433
9224,3.1118322206923055
9225,3.660418645863527
9226,4.055982341023878
9227,1.9478026454705133
9228,3.345389647105679
9229,3.5172473427315922
9230,4.210797680901757
9231,3.711945729499979
9232,3.945338777209725
9233,4.422750467020917
9234,4.073882276013279
9235,2.3485140717421777
9236,4.119262199510537
9237,3.9554605746461853
9238,3.5526457948527534
9239,3.740406838816538
9240,4.128201716824359
9241,4.403981734614851
9242,3.9134012803152
9243,4.594171706499293
9244,3.6065889781244165
9245,3.502224900878726
9246,4.299756643885464
9247,3.860381401166023
9248,4.4987402905205816
9249,4.17258494659956
9250,4.086878599736831
9251,3.0613862628038113
9252,4.890333732981145
9253,3.486511002307146
9254,3.869730336847399
9255,4.24838422321785
9256,3.9212739595420425
9257,4.123839716637291
9258,4.050791325431351
9259,4.100242329430662
9260,3.9315738831980256
9261,4.3834387794574745
9262,3.92622992786264
9263,3.372905727496482
9264,3.37406848504674
9265,4.312123090961789
9266,3.767827552666021
9267,3.58823561831917
9268,4.356025854543641
9269,4.038334769284059
9270,4.638693814264187
9271,4.632111713179851
9272,4.25354846280728
9273,3.5811304104283983
9274,2.3718962290482644
9275,4.369745595677271
9276,4.191218395451242
9277,3.7307674437236233
9278,3.6197423121436483
9279,4.268046121655345
9280,3.381561348302199
9281,4.189723802346371
9282,4.15698980664873
9283,3.9013525649593004
9284,4.402331556952127
9285,3.358840378600604
9286,3.625353800071167
9287,4.297651058738998
9288,2.271365206862595
9289,3.6975440841343103
9290,3.806892627143033
9291,4.230406463650417
9292,3.5661653138697305
9293,3.734508418188877
9294,3.7156333350335142
9295,2.490105195584521
9296,4.458615307989285
9297,3.873883439469549
9298,3.446194762226596
9299,2.993927974850039
9300,3.876673721301713
9301,4.295225445731272
9302,4.144041797235159
9303,4.5927520075243935
9304,2.9572292979925114
9305,4.156735315114134
9306,3.915803878998108
9307,3.893354356230414
9308,4.153042844070557
9309,4.07731755038131
9310,2.750713569020009
9311,4.335019272946914
9312,2.912229011842503
9313,4.512963762061456
9314,3.772845829522769
9315,3.3120349684824726
9316,4.160625454748445
9317,3.945991992248803
9318,3.620399854061738
9319,4.218747460124642
9320,3.599789329360226
9321,4.369076101264552
9322,4.086418609862095
9323,3.862774564067306
9324,3.4144436988114584
9325,3.025858724409731
9326,3.701105051866483
9327,4.588074375218198
9328,2.6845602476275996
9329,3.8343721846173295
9330,3.6905350580243343
9331,3.648578373666913
9332,4.19621187193701
9333,4.01776269346425
9334,3.575269208371892
9335,3.727337460362376
9336,3.716961085092749
9337,4.106926466659969
9338,4.242650409842203
9339,4.0787282001349805
9340,4.112523740784492
9341,2.6837874255177714
9342,3.84680694945685
9343,3.4022517358468756
9344,3.848479754286818
9345,3.4269538081987436
9346,3.6261662552102014
9347,3.5201817376240356
9348,3.331642550393217
9349,3.9150323649329657
9350,3.520166345331912
9351,3.950742952127775
9352,4.202378342282483
9353,2.9351527190445488
9354,4.0593217203041085
9355,4.315757384617834
9356,3.9432924935507385
9357,4.406403817622747
9358,3.96620742601833
9359,3.4740919020925647
9360,2.442667321033232
9361,4.023179720934069
9362,4.082789549557304
9363,3.9450275143915703
9364,3.2849418608250986
9365,3.2968454221831522
9366,4.298582744266686
9367,4.179380336617483
9368,4.75881065847528
9369,4.044962938292365
9370,4.305186865950189
9371,3.7775400731604445
9372,4.131326459388215
9373,3.8246918255846554
9374,3.4171826978744924
9375,3.8547741673175624
9376,3.698842932347682
9377,3.8614580537668965
9378,4.046611670379987
9379,4.517607632389291
9380,3.8901533096214767
9381,4.021134822964596
9382,4.343547616200366
9383,3.3064966724270937
9384,4.02119390434359
9385,3.807824983651523
9386,4.504113699142345
9387,4.347970612031631
9388,4.113756465421202
9389,4.383080888006347
9390,3.7241185641988834
9391,2.6780436109624466
9392,3.5536096210743597
9393,4.179192356307997
9394,4.183081928909761
9395,3.7247739958342554
9396,3.71184633890933
9397,4.195902187145576
9398,3.8621406085997516
9399,3.1950154920365
9400,3.925858186886461
9401,3.906951883347654
9402,3.771586488396489
9403,4.500166925738906
9404,3.8967881715702744
9405,4.193285294188671
9406,3.8777420545978702
9407,2.4895184086704885
9408,4.340681728826787
9409,4.116039666402936
9410,3.9296353117512126
9411,4.106586463170432
9412,3.035897158483259
9413,4.2723898099732525
9414,4.046502004650129
9415,3.729945935041946
9416,3.496056841163867
9417,3.6035153789045546
9418,4.180787545953612
9419,3.3361443556342985
9420,4.122487619135944
9421,4.618653140684955
9422,3.848985886086768
9423,3.485102708627905
9424,3.0724935428101317
9425,3.7243966035850606
9426,3.61184744565918
9427,3.886422270272296
9428,3.971116107233536
9429,3.2550279661263977
9430,3.004529305859025
9431,3.568365515494958
9432,3.8441477594633806
9433,3.8796070648612644
9434,3.435885192700464
9435,3.262082894413618
9436,3.767120297595869
9437,3.6516069820923125
9438,3.7274325124982908
9439,3.9863152047162775
9440,3.634613430157531
9441,4.124503970750899
9442,3.408547132722515
9443,4.121412873189586
9444,4.017156500679356
9445,4.200500285696547
9446,4.4446299150958595
9447,3.883516354481288
9448,4.013104297681158
9449,4.176147777678956
9450,3.1141000868276367
9451,4.318943840237334
9452,4.325413931338544
9453,3.936483977443583
9454,3.9897153485740686
9455,3.5966743380301796
9456,3.764675207856736
9457,4.658236848629541
9458,3.9564993679514457
9459,4.016253668732467
9460,4.00276404702789
9461,2.924262257804627
9462,3.8257684975922737
9463,3.854674534096527
9464,4.014339902074787
9465,4.043574564643013
9466,3.2896615203522845
9467,3.9184322679271464
9468,4.169175029562064
9469,3.916105537350858
9470,4.008981385702547
9471,3.266165351950123
9472,3.9654350380154146
9473,3.5773227472257787
9474,4.216817511159902
9475,3.725463064818248
9476,4.303748351744982
9477,4.807860430802871
9478,2.848131020471228
9479,4.158214770827123
9480,4.1859918204012185
9481,2.0959209027675563
9482,4.179131133921743
9483,3.9568957559954048
9484,4.5472625979019154
9485,3.837464302793609
9486,4.021657017441885
9487,2.7885682247480323
9488,4.344178326775468
9489,4.142974092162187
9490,4.134410220640371
9491,4.195641383562076
9492,3.8866005342743914
9493,3.645549348021214
9494,2.630187546490766
9495,4.618623255635399
9496,3.4758682579886546
9497,3.976327225064581
9498,4.297231113198859
9499,2.9479401371705527
9500,3.714744119838628
9501,3.788648139049168
9502,4.396598616497225
9503,3.872866384858723
9504,3.8679615126702176
9505,4.371259160585653
9506,3.867950108209664
9507,3.708116147396312
9508,3.7707859433224846
9509,3.1587665703726944
9510,4.022899314859294
9511,3.791519087357439
9512,4.066578775870748
9513,3.7979664785781813
9514,3.73357735811731
9515,4.032711101215009
9516,4.201263067371552
9517,3.077430897621033
9518,3.8798091837389608
9519,4.015215164524306
9520,3.9983067850765868
9521,4.062966048444654
9522,3.1875142990602465
9523,3.637579979485582
9524,3.8728393012195226
9525,3.1241956587083375
9526,3.847460032669931
9527,3.0418132884768943
9528,3.1828273578123456
9529,3.7110133719378715
9530,4.209694800979332
9531,4.592591390700334
9532,2.8437914204172396
9533,3.3067188199823474
9534,2.8122477349520634
9535,3.0362463800107724
9536,4.1991747586862695
9537,3.8173859688566982
9538,4.3112602118582215
9539,3.5804335820156874
9540,3.159577248136224
9541,3.501803315106815
9542,4.185323897550251
9543,3.77923361066858
9544,3.2021708340925
9545,3.8974932374334568
9546,3.9685866645061276
9547,3.657759424592564
9548,4.060876144101423
9549,2.966818737840339
9550,4.291004139957588
9551,3.8016292805305554
9552,3.947018710817072
9553,4.281095632751803
9554,3.8649588188370307
9555,3.9912523002916713
9556,3.3434859929279197
9557,2.1890972458632003
9558,3.887277420671277
9559,4.1029625158274134
9560,3.5261921142108053
9561,4.297894320900919
9562,4.251013313599506
9563,4.026950766634398
9564,3.0195737083035326
9565,4.328729660051907
9566,4.203442653333956
9567,3.6406521742011027
9568,4.419739110173211
9569,4.230736258416906
9570,3.9858772613329636
9571,4.049848063558035
9572,4.023677544429379
9573,3.45557676759608
9574,3.7249190312050846
9575,4.272119101243196
9576,4.3030533360484675
9577,4.4815695952217425
9578,4.077547434244938
9579,3.996128868344241
9580,4.335018001998045
9581,4.392508708968275
9582,3.3637848987329244
9583,4.134733922933306
9584,3.0886033678728544
9585,4.280594208874864
9586,3.6109740397676875
9587,3.667204849598277
9588,3.257674870701723
9589,4.254177975327757
9590,4.440340111213128
9591,3.3872867288848396
9592,3.594106483533549
9593,4.086566967578711
9594,4.31576336778369
9595,3.9504886491009517
9596,3.8896144542187905
9597,3.911830677848341
9598,4.18558076772641
9599,3.02140671177737
9600,4.462088320922856
9601,4.4266581744034035
9602,4.071165815972432
9603,4.348085244366135
9604,3.560679197823587
9605,4.02371625230572
9606,4.356426570993145
9607,4.193264757600084
9608,3.5956938757104484
9609,4.003834807856943
9610,3.779129344886392
9611,3.621988922551309
9612,3.730299504111162
9613,4.282761713499753
9614,4.035439505375697
9615,4.228549044364092
9616,4.056044578179052
9617,3.875132295869847
9618,3.9973886296181953
9619,3.6993503240623737
9620,4.0509608253415
9621,3.6932498098024986
9622,3.4448653703984897
9623,4.094002270765942
9624,4.039373263559875
9625,3.974637255197294
9626,4.353874409286412
9627,4.02768204482685
9628,4.050810106353575
9629,3.8604375433337004
9630,3.9963064655162475
9631,4.303564322353458
9632,3.7624614895026633
9633,4.556183666695919
9634,3.7063419355612286
9635,2.2235483249095216
9636,3.348030795715749
9637,2.644000043930307
9638,3.8733528264634796
9639,3.9689428772615534
9640,4.1656971072431626
9641,4.137960125095366
9642,3.669005131421835
9643,4.049284417521404
9644,4.1942953107473
9645,3.9131128579461034
9646,4.706781582517477
9647,3.508223409004366
9648,3.9313671005361845
9649,4.924994459503982
9650,3.5092767269392815
9651,3.805677458465891
9652,3.9721521464251826
9653,4.025372530466452
9654,3.9654346919943313
9655,3.718272708655312
9656,3.856734578617617
9657,4.39073591105154
9658,4.115665953919387
9659,3.7084510098295573
9660,4.087402790157769
9661,4.2104438962226665
9662,4.2029954182300315
9663,4.381191513483163
9664,4.217910260708237
9665,4.351648320306889
9666,4.137104059876942
9667,3.7085904446379256
9668,3.868454551682557
9669,3.82847102077329
9670,3.5617528984188733
9671,3.6883157215738533
9672,2.9892994365672045
9673,4.165437984769464
9674,3.5522263919473107
9675,3.5983770661162686
9676,4.145140853495536
9677,2.7222621387965615
9678,4.220428618515723
9679,3.9811644669892683
9680,4.251848234812657
9681,4.304031662518854
9682,3.908209848822614
9683,4.327268482614962
9684,4.483022695924316
9685,4.0924781419104805
9686,4.228424162155058
9687,3.8878896074608886
9688,4.391207520022206
9689,4.0487520840268125
9690,2.811358879933728
9691,4.446830828321269
9692,4.1054798008494275
9693,4.108953452451072
9694,3.973288145601313
9695,3.5878285289509435
9696,3.9066784116159385
9697,4.657499713651771
9698,3.8508654352049123
9699,3.7339005913912313
9700,4.280706824346562
9701,3.6790768706696033
9702,4.0491970108473225
9703,3.322184865772687
9704,2.5853765029781366
9705,4.75117325414213
9706,3.991786630245415
9707,4.385648191812761
9708,3.689035191878996
9709,3.879775031376975
9710,4.207195839996955
9711,4.5414490437078605
9712,2.9114723704588017
9713,4.108064620672121
9714,3.4650315278962305
9715,3.623658959719891
9716,3.858619626707319
9717,3.759457508185893
9718,3.717831934624204
9719,4.402095257456141
9720,3.917602835612973
9721,4.018126428255142
9722,4.185696502302582
9723,3.390551664233791
9724,4.289135160685316
9725,3.818418347771536
9726,2.805971828812254
9727,2.8095537511832593
9728,3.3233657824752894
9729,2.9282380750088928
9730,3.9715402187424558
9731,4.233060020526488
9732,4.138246734308366
9733,3.922601093402809
9734,3.864488929299863
9735,4.042421202321121
9736,3.63307476821922
9737,3.8385892430551385
9738,4.015325017056259
9739,3.740927331499985
9740,4.616218049763921
9741,4.029245592311728
9742,3.556941869834146
9743,3.5274185579242
9744,3.822978573670355
9745,3.975610772995143
9746,3.9197520484430646
9747,3.8099170345978024
9748,4.3676984388461
9749,4.1662605686573
9750,2.7161795480473643
9751,3.9885025576976094
9752,4.0966740533587345
9753,3.636183924356833
9754,4.364375493105496
9755,3.5982165965928097
9756,4.09302312577246
9757,4.355879943203279
9758,3.644555146835869
9759,4.28430394529487
9760,3.7542841295363836
9761,4.223981101644982
9762,4.405910189015327
9763,4.392017845015653
9764,3.9660790884908574
9765,3.8685751392313357
9766,3.4489333801153235
9767,4.193802142322373
9768,4.1035959300497575
9769,3.192431365768583
9770,4.372881052290672
9771,3.6568430994079555
9772,3.7255233607851803
9773,3.236397091338099
9774,3.2524374756723406
9775,3.346382425193495
9776,4.084353664385036
9777,3.9158344334776825
9778,3.8626614492620224
9779,4.363283333052597
9780,3.574773638620134
9781,4.394564655156925
9782,3.7455125078972564
9783,3.9187484172173632
9784,3.7320000237395305
9785,3.8696371881190146
9786,2.999135294722486
9787,3.331700276065069
9788,3.148987020254025
9789,4.375418538611314
9790,4.361530928693963
9791,3.4848955956192897
9792,3.859947635080488
9793,2.695858845755865
9794,4.140849759500173
9795,4.413513749872357
9796,3.6608337453311943
9797,3.784002612280966
9798,4.175071198493363
9799,4.234022995845609
9800,3.7157167775813584
9801,3.9080046347601898
9802,4.272735113471695
9803,4.110012174853933
9804,3.9508811971076874
9805,3.773120882211929
9806,4.648594222860576
9807,4.270651560444086
9808,4.091134151338511
9809,4.152552564495609
9810,4.4156428865615185
9811,3.5504353587016864
9812,4.283729808934434
9813,3.867149833603357
9814,3.567486633753276
9815,3.945649536405564
9816,3.8661549154709265
9817,3.933262679535033
9818,4.053857319108767
9819,4.105958393529783
9820,3.7502851107800232
9821,3.997538436525686
9822,4.10115340789889
9823,3.158521993377567
9824,3.286819998161098
9825,4.569208595581226
9826,3.8604976339056076
9827,3.9804005253036876
9828,4.214899958393975
9829,3.919337499371659
9830,3.7297248835695966
9831,4.238814270531181
9832,4.400483298372857
9833,3.867934979444407
9834,4.80040143279583
9835,4.201266074699533
9836,3.9591158102074213
9837,3.749872708793655
9838,4.419628963159415
9839,2.8396205178519285
9840,4.553250317905861
9841,3.2553994602125207
9842,4.027042161680396
9843,4.347372954585333
9844,4.142042886537206
9845,4.329351959606544
9846,3.6084622779658746
9847,3.396947565122593
9848,4.1920856896552285
9849,4.037294369498804
9850,4.433732341767346
9851,4.665168805368268
9852,4.523759507157345
9853,3.0931231598813125
9854,2.9135450554983433
9855,3.87007285529517
9856,4.12615980298143
9857,4.0468252660744595
9858,3.7851272585868267
9859,4.190951905757304
9860,3.798730838510928
9861,4.360622458156648
9862,4.280431652335432
9863,4.019837826297123
9864,4.108274921039987
9865,4.205089403056942
9866,3.018522743925401
9867,3.744050482915223
9868,3.576796787429707
9869,4.270698446027792
9870,4.300799432662649
9871,4.226601764703318
9872,4.082910690657242
9873,3.64625245011771
9874,4.23992332061505
9875,4.668935944065221
9876,3.8168633515087227
9877,4.135309050026409
9878,4.541072401896503
9879,4.010123534174447
9880,4.236383675851496
9881,4.01804182204785
9882,3.6442225859207187
9883,3.49310345094836
9884,4.302737710851057
9885,4.080120825230683
9886,3.4945127233986146
9887,4.496837815042945
9888,4.360319882276027
9889,3.8464805876482644
9890,4.373396627004817
9891,3.58174915982723
9892,4.16554080410214
9893,4.658855101956425
9894,3.9892135747495154
9895,4.267635513576907
9896,3.9714173321316824
9897,3.8858938450411107
9898,3.4132925062898725
9899,4.172312838498388
9900,3.8083379495438194
9901,3.5341650153367548
9902,3.0166776276345573
9903,4.129287546626905
9904,2.5732804581292013
9905,4.004453233908788
9906,4.161737355572883
9907,4.269529861191284
9908,4.319034971633741
9909,3.8697440379554076
9910,4.555033733969603
9911,3.763733402503181
9912,4.386401404151128
9913,4.236553965244864
9914,3.544718112990513
9915,4.693321198082285
9916,3.9379395119777874
9917,2.9651412207200387
9918,3.9517276255841702
9919,4.174287532799125
9920,3.7099496756958406
9921,4.0358277945532715
9922,3.3521002047731296
9923,4.164194662170618
9924,3.7292197234183386
9925,3.85474595230302
9926,3.454242849971524
9927,3.8780761354545907
9928,3.46725825502296
9929,4.237635825398529
9930,3.9219596333747746
9931,3.922570493126402
9932,3.849343149267568
9933,3.753709802562696
9934,3.379286244619969
9935,2.0
9936,4.15979585571669
9937,4.349193684834128
9938,4.704649766222162
9939,3.835232251408472
9940,4.105459509658888
9941,3.053239680890993
9942,3.77601472229817
9943,3.971359007140209
9944,3.7583851906122145
9945,4.661993206231068
9946,2.7209671924222643
9947,4.03348018604784
9948,2.857193017485099
9949,4.460438028988738
9950,3.476829407858465
9951,3.807915659896324
9952,4.188091504749902
9953,3.7721537927053777
9954,2.3017419844429448
9955,3.9509817204475013
9956,4.411112246048996
9957,4.319216164248976
9958,4.005688622747927
9959,4.418529140102864
9960,3.6302186641788787
9961,4.343355713933623
9962,4.292030516402551
9963,2.8751534175242046
9964,3.9045383436374768
9965,4.118962332863427
9966,3.812420052014966
9967,4.253250351667561
9968,3.814094730849585
9969,4.387726593291948
9970,2.524927966668804
9971,3.6924189904314026
9972,4.25608016135714
9973,4.0262692242924265
9974,3.479280808543059
9975,4.2257521949348815
9976,3.8226726652657215
9977,4.378664293702894
9978,2.489971579169919
9979,3.8725509719082187
9980,4.400346295141047
9981,4.059186503192584
9982,4.22584224215356
9983,3.9982850210894183
9984,3.710579349362752
9985,4.148608867618335
9986,4.008793514729443
9987,4.251475754450535
9988,3.6718011530237074
9989,2.8197102766306155
9990,4.379871976972819
9991,3.6373684545059657
9992,3.453597422554347
9993,4.102098344131706
9994,3.5095483788178887
9995,3.7272240568483728
9996,4.177645573835428
9997,4.213829817842686
9998,4.039623216074248
9999,3.848341506939135
10000,4.171970264652918
10001,4.32757223580565
10002,4.010571648375124
10003,3.9195909702742435
10004,4.006068161286898
10005,3.7504032770437137
10006,4.0141305215945575
10007,2.0
10008,3.981039777800115
10009,4.214042042024473
10010,3.6828549361309153
10011,3.6024265001019136
10012,3.95456092371756
10013,3.757312357893654
10014,3.547865963288607
10015,4.306026844400835
10016,3.52496456353037
10017,3.865710471542615
10018,2.5873138181958257
10019,3.1249631545104353
10020,3.789543705809855
10021,4.186754550832941
10022,4.3212510692722885
10023,4.155900626199368
10024,3.3955986346593434
10025,3.8258811954745506
10026,4.230958056645301
10027,3.5740203100545975
10028,3.8568768112723104
10029,4.705864340330787
10030,3.6387948392796945
10031,3.764939708435926
10032,3.673562007787416
10033,3.9065284577458996
10034,4.1628598520055595
10035,3.817407683506351
10036,3.7487771554759655
10037,4.293447701282388
10038,3.4885015023529102
10039,4.093611400656506
10040,4.176620629932589
10041,4.571303675117326
10042,3.6770707313213227
10043,4.1645409802688755
10044,4.61601248975445
10045,4.122132049058821
10046,4.720058810887461
10047,3.5879894742823297
10048,4.028858173426089
10049,4.603046595824284
10050,3.085363654786865
10051,4.281887706426034
10052,4.153634172056915
10053,4.050713918156001
10054,2.2562247447686516
10055,3.2391079000472676
10056,4.4049179611931795
10057,3.914357001862917
10058,4.452391432566441
10059,3.7825377401083435
10060,4.038468833492448
10061,4.352653981252065
10062,3.9119002120195394
10063,3.9227401888994295
10064,3.911532263109442
10065,3.6724442091528537
10066,3.9092472219056043
10067,3.7608256930434507
10068,3.872836786365926
10069,3.7381843202900766
10070,3.542133490096441
10071,4.2243466901853095
10072,4.178858590234743
10073,3.951474759848119
10074,3.9683605266096538
10075,3.9130529510625607
10076,4.125180000686276
10077,4.1698222648413195
10078,3.8451202092760504
10079,4.198938656541067
10080,3.805376903017819
10081,3.8841939038557523
10082,4.410155094572753
10083,3.8302773161365016
10084,3.279149366050717
10085,3.804083269126455
10086,4.262961603491773
10087,4.385258392944353
10088,4.171494835765213
10089,2.3326500752732486
10090,3.8247076115427605
10091,4.293770027038271
10092,3.8962823029111178
10093,3.8239104118887832
10094,4.195792141726515
10095,4.3811903058725825
10096,3.7968591410427464
10097,3.7173469702891615
10098,4.588766977886483
10099,3.5781984556541877
10100,3.5765864777010763
10101,3.632592804003634
10102,4.466964215069872
10103,3.9053216957384906
10104,3.999172925483106
10105,3.831747472712175
10106,4.002879854119127
10107,3.6567785137340856
10108,4.10498508004566
10109,3.8903575815006612
10110,4.209642336347624
10111,4.145169259042186
10112,4.050495604859228
10113,4.188928396084575
10114,2.701573179850388
10115,4.390096676535297
10116,3.2885886529919257
10117,4.689776974017972
10118,3.9564797064542576
10119,3.4375630371141206
10120,3.7060373568081877
10121,4.103853531897462
10122,4.095696323600336
10123,3.725267197400136
10124,4.162637819040256
10125,3.2910646393024425
10126,3.5996417319257445
10127,3.9428274662683327
10128,3.569908511978239
10129,3.9370629841625027
10130,4.197769625380549
10131,4.196546966153569
10132,4.24579341619673
10133,3.627645752728649
10134,3.5047539757527666
10135,3.6495500381577024
10136,4.189381321161622
10137,2.7680056632749426
10138,3.9982937089032613
10139,3.855677199083324
10140,4.535096768811107
10141,3.8841547163262535
10142,2.8234522303294667
10143,4.22474330488642
10144,3.9195063602932905
10145,4.039478864269228
10146,3.915592177731377
10147,4.65198683804186
10148,3.887335255306995
10149,4.155626475125196
10150,3.5398935212963063
10151,4.675673634866841
10152,4.1017283447414865
10153,3.8379145231104435
10154,3.8537015584715992
10155,3.5260356842327876
10156,4.046850619691025
10157,3.9098246910227195
10158,4.164907206525054
10159,3.8360605210198244
10160,2.186746256969474
10161,4.053131012087455
10162,4.1748131715532395
10163,4.185355524614963
10164,3.2211705693598915
10165,4.6359495399223505
10166,3.668724144242776
10167,3.749085928291526
10168,3.3450126421113353
10169,3.9600512575360214
10170,3.614013362584735
10171,3.78784512822746
10172,4.111832975144319
10173,4.194847693302643
10174,4.093900351271634
10175,4.056355703555406
10176,3.289395291773437
10177,4.241721972426714
10178,3.665567234120577
10179,3.6823497416190656
10180,4.2500442380332695
10181,3.9778567799604136
10182,4.3848199215728645
10183,3.504700419879564
10184,3.8744141507491294
10185,4.317017266302758
10186,4.160537677084491
10187,3.928200984475834
10188,3.9051210600870543
10189,3.831376291852455
10190,4.312860128833601
10191,3.9142305301640716
10192,3.874325365051769
10193,4.25865390489677
10194,4.39945481757525
10195,4.202424301501282
10196,4.205015481723052
10197,4.4256544933669115
10198,3.6124989741330773
10199,3.7679119772756815
10200,4.359154463577871
10201,4.4579110712178425
10202,3.7334436812299163
10203,4.152610938993009
10204,4.557459361970076
10205,3.596897601696648
10206,3.5191493440064545
10207,4.108630675387409
10208,4.146882697892228
10209,3.0703574265589375
10210,3.112263695340909
10211,3.9343583100690473
10212,4.189671968748509
10213,4.192216274725618
10214,4.052308845011577
10215,4.0865670617585295
10216,3.331517540724125
10217,3.9441197860073207
10218,4.305374684133222
10219,4.065891034395979
10220,4.240574444189755
10221,3.8340529783996153
10222,4.177681508398466
10223,3.5689357591691344
10224,3.622641099022453
10225,4.00690341049412
10226,3.801508261182062
10227,3.55417001241375
10228,3.5779501048723974
10229,3.9593840910975815
10230,3.9963869327924346
10231,3.9168263557299823
10232,4.235418497048841
10233,3.6588183870902595
10234,3.881119244238671
10235,3.168165352633054
10236,4.839314681044412
10237,3.3474220997380915
10238,3.8577205073995016
10239,4.047216688275073
10240,2.531957425464265
10241,4.149716676645447
10242,4.087101197602882
10243,4.063539249929035
10244,3.9925238485966155
10245,4.2347406460091275
10246,4.3649059537418875
10247,4.290284995208187
10248,3.602503400822834
10249,4.160703515801962
10250,3.731966285562597
10251,3.737892727437598
10252,4.1773764300977625
10253,4.070545495666884
10254,3.5702874892646688
10255,4.324651937336137
10256,3.591334419456892
10257,4.296493962379026
10258,4.247453240993354
10259,3.985759889769833
10260,4.12406275176126
10261,3.581704830248815
10262,3.7427347372294504
10263,2.639139175308841
10264,4.333903748071008
10265,3.685878706977194
10266,3.8904337002365574
10267,3.7511530592559947
10268,4.275383069338707
10269,4.446655283417494
10270,3.2818606383569637
10271,2.6794232948163654
10272,4.224501034011969
10273,4.050771995294589
10274,3.865709248029659
10275,3.8072258502202043
10276,4.300204890597536
10277,4.37580968603984
10278,4.444580013832554
10279,3.951273241567824
10280,4.134787219164394
10281,4.3472749327248374
10282,3.7830045631033
10283,3.621073680295815
10284,4.224103383959654
10285,4.798067095526928
10286,4.6378947981520815
10287,3.3985359742954886
10288,3.982651726079356
10289,4.185192559195868
10290,3.4896708169462154
10291,4.003882180259072
10292,4.335191247107096
10293,3.704601179884392
10294,3.6769648188589734
10295,4.397334683219382
10296,4.421267359387007
10297,3.595533838727459
10298,3.556762425804777
10299,4.07823517627555
10300,3.856265507829488
10301,4.158279416993666
10302,4.20946549239822
10303,3.139318275950229
10304,4.2919325447011145
10305,4.150681498472932
10306,3.597062952595956
10307,4.058257473366206
10308,4.031961089519939
10309,3.9552679826825092
10310,2.734505664968396
10311,3.946593749237479
10312,3.4585116518444634
10313,3.844116095458083
10314,4.258984831056885
10315,4.1444851062069
10316,4.078418518836536
10317,3.8818213690916363
10318,3.687862160019495
10319,4.271417795497755
10320,3.8493125063431086
10321,4.191551485485139
10322,4.3010962769769465
10323,4.32803331105752
10324,4.19122757601702
10325,3.7762998240448504
10326,3.763945031453102
10327,3.863818280016438
10328,3.935834757304483
10329,3.194492768608481
10330,3.840488023418838
10331,4.095546485494593
10332,4.074847632116311
10333,3.950496525735068
10334,3.4921792662805418
10335,4.438415159379495
10336,4.013105386539053
10337,4.308908266266042
10338,2.6063563467472486
10339,4.455709844784643
10340,4.052489744343879
10341,4.6297392060277796
10342,3.92814525984926
10343,4.2872345797705
10344,3.369181583809293
10345,3.320384991683918
10346,3.6529582982467224
10347,4.0808885313131675
10348,3.4049740961641795
10349,4.400603978832734
10350,3.178515325632248
10351,3.7253080798419504
10352,4.048507440657859
10353,3.4743799898860277
10354,4.340029521448614
10355,3.8109634909899976
10356,2.9358071599296225
10357,3.918687930107506
10358,4.264350078588744
10359,3.038157117862303
10360,3.927083529036131
10361,3.9015283222971093
10362,3.427778223888219
10363,3.8790587727066472
10364,4.106524205589605
10365,4.007244081123312
10366,2.274222075538484
10367,3.511118951906371
10368,3.5824911026002706
10369,3.7914363451927553
10370,4.348100610442752
10371,3.719734846579703
10372,4.2703500225113125
10373,4.162039791589418
10374,3.7970005491661123
10375,4.091073244184161
10376,3.8588825779657756
10377,4.3232463740313385
10378,3.2467607646135317
10379,4.210417139825907
10380,4.205136385224929
10381,4.417357601405205
10382,3.89726912285244
10383,4.309055709246612
10384,3.861200113041813
10385,3.924684283223071
10386,3.574831691131837
10387,4.552144080569872
10388,3.9219858592640935
10389,4.09566449472342
10390,2.5606509598611487
10391,2.7652423881704133
10392,3.4513649661219983
10393,4.1893496134170025
10394,4.364365309033439
10395,3.626842357812185
10396,4.08803318500072
10397,4.24755604252916
10398,2.0
10399,3.429026664423686
10400,3.762433743439137
10401,4.4863005767349495
10402,4.299652484626395
10403,4.5969984224817875
10404,4.154099724206145
10405,4.319380946106235
10406,4.1914371335485745
10407,3.7919201145175134
10408,3.2570242852534856
10409,4.150060864561101
10410,4.017915465280885
10411,3.8905722686572077
10412,3.874173389645068
10413,3.4689885976232375
10414,4.079082999785924
10415,3.635925562945216
10416,3.797889948220184
10417,2.418988941379547
10418,4.201925233661468
10419,3.495755042006989
10420,4.038830070458834
10421,3.781116900399392
10422,3.5987217394545814
10423,3.853347835172796
10424,4.25711872371262
10425,3.667548581539008
10426,3.3696007189723307
10427,4.3923831027050655
10428,2.2544445964171898
10429,4.326915276516354
10430,3.70489845644041
10431,3.7466578338929857
10432,4.247974611876426
10433,4.3623472506756595
10434,4.308228468543155
10435,4.207738384474681
10436,5.0
10437,3.564419227376228
10438,3.9779495892144525
10439,3.683160250605407
10440,3.644974931352647
10441,3.9234092759373205
10442,4.249077707032684
10443,4.105161311443286
10444,3.748389863559679
10445,4.103290203897257
10446,3.9508284199602195
10447,3.9210094937705455
10448,4.0787874017346955
10449,4.457465457345041
10450,4.439906044262664
10451,3.7555521782622976
10452,4.17591625904978
10453,3.4953944604594223
10454,4.2822950129482145
10455,3.734265342233163
10456,4.297646111322073
10457,4.486210925038281
10458,4.587886637560664
10459,4.251085859544414
10460,4.403513835095216
10461,4.036178422810739
10462,3.475699312071046
10463,4.060711226428932
10464,2.929225942229214
10465,3.868267733688659
10466,4.2582381171218335
10467,4.001501060016828
10468,3.9828385274763867
10469,4.238314301641102
10470,4.231450027509615
10471,3.558107144029765
10472,4.323036149073271
10473,4.274081861112115
10474,3.4177910537488483
10475,3.9567558027002363
10476,3.6776949432690893
10477,3.9615458765994194
10478,4.192730056972345
10479,4.549331733265003
10480,3.9150214948572093
10481,4.170873904175557
10482,4.245029306114785
10483,4.49263611292789
10484,4.344382621053858
10485,4.043858290314399
10486,3.976391761829197
10487,3.0003114568105462
10488,3.8683580179419623
10489,4.236331927125197
10490,3.882622762147518
10491,4.267144355700526
10492,4.21740180651964
10493,3.680620809800834
10494,4.025044342212715
10495,4.173819808372971
10496,4.153867370844904
10497,4.147948542093467
10498,3.898093127840153
10499,3.8808972917190667
10500,4.197382835642723
10501,3.935843644056514
10502,4.085904670983632
10503,4.1636464240760915
10504,4.339126889469627
10505,4.439076485389372
10506,3.5716187706201517
10507,4.359599452083923
10508,4.054613002985945
10509,3.219593564625555
10510,3.603157918462748
10511,3.4143407211999808
10512,4.2128765037756555
10513,3.258131209771462
10514,3.8493643573946836
10515,4.223867685332695
10516,3.845767672010042
10517,4.2149180705705085
10518,3.9589538047036545
10519,4.027673782448556
10520,4.128083144008727
10521,4.3950679394470376
10522,3.930877459768433
10523,3.9236981516668026
10524,4.2843863109841225
10525,3.5395822530606433
10526,4.063274823733492
10527,3.815025299342149
10528,3.966877493797476
10529,3.9530917401829195
10530,4.611301726360652
10531,3.8475313161539733
10532,4.038434650578338
10533,3.1788173925329746
10534,4.220041266886103
10535,3.698001981818276
10536,3.5524368703942937
10537,3.2986252145159436
10538,3.913413726444558
10539,4.693401143156872
10540,3.546184293198373
10541,3.572781713622519
10542,3.8221052479911197
10543,4.231981222399107
10544,4.125078444636573
10545,3.6725331273646202
10546,4.372078739953995
10547,3.6144539268789457
10548,4.077571299278964
10549,3.9836006716585994
10550,4.2957884762615075
10551,3.686666146370524
10552,3.7994847964101717
10553,4.03760719369282
10554,4.600532222699152
10555,4.0666931948023795
10556,3.3422312034406105
10557,4.095659530818428
10558,3.468024078851648
10559,4.295333182833045
10560,3.110459472782641
10561,3.581250296503186
10562,2.3234451829851905
10563,2.3247867091823387
10564,3.8904156574492728
10565,3.374026247877967
10566,2.5423887733303707
10567,4.361472457854228
10568,4.148839595378881
10569,3.7806765201042265
10570,3.3920562189352443
10571,3.5224494351402864
10572,4.300026987457084
10573,3.988214299720419
10574,3.7726437822404084
10575,3.874421115247469
10576,3.832083955909717
10577,4.302175883765593
10578,3.158916394653826
10579,3.7190925622327144
10580,3.1704248095284804
10581,3.2134623357692194
10582,3.3252094609852616
10583,4.161021740565499
10584,3.626694925713179
10585,4.094981779857573
10586,3.841681061257753
10587,4.28334863083327
10588,4.301983971470648
10589,3.8123776283507578
10590,3.7533125201476425
10591,4.612371550979503
10592,3.8393532714978544
10593,3.5659658768138702
10594,4.421122308870317
10595,4.628506686724118
10596,4.157048726120387
10597,4.395634515692862
10598,3.3938760572411795
10599,3.7081322308385714
10600,4.002695170002236
10601,4.210288016116639
10602,4.259237744124834
10603,4.144724954349309
10604,4.245991359417171
10605,4.072592462407051
10606,3.8635933989397806
10607,4.250256763376769
10608,4.358009411472792
10609,4.169604955971046
10610,4.011603030750801
10611,3.8861640550943473
10612,4.100551512204238
10613,3.8397313044945567
10614,4.197828112401807
10615,3.737275236676605
10616,2.556863953081324
10617,3.631153660347111
10618,3.849585070281435
10619,3.5933636236932456
10620,4.478870298732006
10621,4.28115811865376
10622,3.9446862309907518
10623,3.7937374840239193
10624,2.9924803565566918
10625,3.9743449523297376
10626,3.5585481153287217
10627,4.075614566113373
10628,4.176546321108569
10629,4.049728810802234
10630,4.368718087355308
10631,3.2635658650633723
10632,4.055215699170645
10633,4.162975483299878
10634,4.527858897578599
10635,4.178313411683403
10636,3.8250928331521186
10637,4.32722411495887
10638,4.126501150102272
10639,2.9343390574225436
10640,4.517711461086219
10641,4.057643710016086
10642,3.684823525402511
10643,3.4975330613951745
10644,4.083018937549716
10645,3.8026900053994055
10646,3.5738838246650326
10647,4.443153247868205
10648,4.115461588982568
10649,3.994044942415691
10650,4.124544902129038
10651,4.176739220119089
10652,3.01520611407281
10653,3.82128205547379
10654,2.789400250751262
10655,3.3757190376919604
10656,4.221492203637163
10657,3.7910921056470803
10658,4.238663841525603
10659,3.5389070463586734
10660,4.238785054038739
10661,3.8097488891742506
10662,3.9577201455090862
10663,4.292391702957264
10664,4.122877817251206
10665,2.7369298196970324
10666,3.8051434105656163
10667,3.9525819241017097
10668,3.8719306759901806
10669,2.0
10670,4.656164517100361
10671,3.4919342666850026
10672,3.9367271179077252
10673,4.229077959553349
10674,4.006619068826759
10675,3.783994493176817
10676,3.1290323488738476
10677,4.599795338504346
10678,4.1109335095845285
10679,3.6831432473642374
10680,3.6800702848013986
10681,4.156583881561269
10682,3.9226273028976397
10683,4.202622745020212
10684,4.177616453494449
10685,3.452095087122651
10686,3.89569148388693
10687,4.332157836131666
10688,1.835991794315758
10689,3.717293793226302
10690,3.0891376527764325
10691,4.178567175083164
10692,4.3503424416013265
10693,3.667232904189108
10694,3.606396588260496
10695,4.173058815076584
10696,3.9272030048280238
10697,3.882436442614822
10698,3.8517267902549883
10699,4.276962012003357
10700,4.20188777137958
10701,4.118733686389664
10702,3.9468890215929897
10703,3.816832899323547
10704,3.9794293272139596
10705,3.89866521209063
10706,4.031303518162439
10707,3.9387932148821894
10708,4.215532312078389
10709,4.515281152795896
10710,3.6274713068341105
10711,3.592342254852858
10712,2.069544283917107
10713,4.187248153516874
10714,3.9834746564121373
10715,3.936723624414695
10716,4.787032676369406
10717,3.866746464891296
10718,3.9113131144843
10719,4.07675624937524
10720,3.745525391360023
10721,4.0266418728389075
10722,4.028547166080216
10723,3.999464363294136
10724,2.593114627335615
10725,3.74268104523215
10726,4.417603794543382
10727,3.9096453305830874
10728,4.075857740043146
10729,3.7819817189621014
10730,4.491756415485448
10731,4.124027679880552
10732,4.4041545451881845
10733,2.607051243780742
10734,3.880514934143709
10735,4.237663291524943
10736,2.69662530193667
10737,3.8821782902599393
10738,4.291042127958194
10739,4.26879511116608
10740,4.12225434912392
10741,2.8701244981811507
10742,3.6403021705526566
10743,4.037710502309054
10744,4.2454024293232635
10745,2.196347321665444
10746,4.106743095080069
10747,4.328318385407819
10748,4.028431804350812
10749,4.129761659048577
10750,4.023034270855536
10751,3.8248108934879634
10752,4.229569225616456
10753,4.309811938539359
10754,4.204729475805339
10755,3.8919832854497014
10756,4.0098609342556975
10757,4.033974140948254
10758,3.2683512715812286
10759,4.172265469005478
10760,3.7539021726092576
10761,4.222458636591838
10762,3.3492772618248923
10763,4.093730319585303
10764,4.314109798933941
10765,3.9750171621642396
10766,3.5849234076928265
10767,4.514532731104413
10768,4.390283227401349
10769,4.117837454302613
10770,1.8993482302525069
10771,4.010730821790518
10772,3.4119483053421487
10773,4.033784101439956
10774,3.5866838195562285
10775,3.387726266272488
10776,3.661919841937071
10777,4.547365989622553
10778,4.0880540659382785
10779,3.2033048275093225
10780,3.985107571229352
10781,3.8039020726490125
10782,3.953596366643003
10783,4.303950730174291
10784,3.6114581550307356
10785,3.397430517044287
10786,4.011128199476875
10787,4.637848911864242
10788,4.3428080546025845
10789,3.6395522169408743
10790,3.850996164360723
10791,3.43002476243445
10792,4.377684680072425
10793,3.4797148249495837
10794,3.834027337422954
10795,4.069782253961267
10796,3.299057844972197
10797,2.648485981626061
10798,4.057409517836869
10799,3.5418593898126525
10800,4.565762936277748
10801,3.557872839844957
10802,3.5281613560196847
10803,4.056611493531794
10804,3.7218094979247853
10805,4.230305761640116
10806,4.095233964642517
10807,3.60602145465656
10808,3.6098351975604284
10809,4.048032220316436
10810,4.048960957604468
10811,4.2542009491609445
10812,4.439601765787862
10813,4.013818767784567
10814,3.8553094207319987
10815,4.258632086545393
10816,4.458033711915853
10817,3.860991229051725
10818,2.762443435109082
10819,4.298290672981609
10820,3.9392623670901767
10821,3.57997867186854
10822,4.215644543873716
10823,4.374594011096839
10824,4.750616414381513
10825,3.68693474521985
10826,3.9253690530595726
10827,3.700162683789165
10828,3.6774323025360998
10829,4.262904525763813
10830,3.7850374676527023
10831,3.89535931661942
10832,3.9714385898321805
10833,4.125950909612439
10834,2.7468169923909147
10835,3.367049987800707
10836,3.5657640099157177
10837,4.236379141548321
10838,3.5530685119886654
10839,3.6560670485994975
10840,3.99203761865135
10841,4.443890022927533
10842,3.8646863695759235
10843,3.804097497391197
10844,4.121630322590192
10845,4.076287210113566
10846,2.5372379023096467
10847,3.8078093544520804
10848,3.441234613294703
10849,4.16387854972576
10850,3.9834918014675345
10851,3.82677359864896
10852,3.8077892296671316
10853,4.232189702397722
10854,2.5291135051137754
10855,3.8290233117765085
10856,4.319913391893361
10857,4.154052912243179
10858,4.106942727691203
10859,4.0136107130687515
10860,4.115420956600923
10861,4.276370064172166
10862,3.7883933051794787
10863,3.6295033466166635
10864,3.822797626915695
10865,3.627720277187268
10866,4.3617749535497135
10867,3.9421282523475845
10868,3.549266789485798
10869,3.56291875578036
10870,3.923456616744959
10871,3.8811578040443693
10872,3.516373741076708
10873,4.278227184925095
10874,3.521052392861087
10875,4.342923859185477
10876,3.690330402708988
10877,3.8543106062192574
10878,4.307137093388498
10879,3.8082719742780045
10880,4.091442788101858
10881,3.88074877395819
10882,4.175024512728966
10883,4.460596650463834
10884,4.643477369528806
10885,3.9443809880588185
10886,4.124204816917619
10887,3.464845443011413
10888,3.612876812146005
10889,4.314785630022226
10890,2.843211699175057
10891,4.439447048876569
10892,4.237320575110667
10893,4.196645681001428
10894,3.922884826338378
10895,4.410208453085931
10896,4.292662732859422
10897,3.7875266453912984
10898,3.9127007803401677
10899,3.5858693529734285
10900,4.177403887952826
10901,4.218641201789298
10902,3.9888596412947037
10903,3.7860931705795635
10904,3.9456173972793502
10905,3.702345117887909
10906,3.608779747462373
10907,3.9220540095116094
10908,3.9464495594373297
10909,3.7009775313504405
10910,4.646075291403988
10911,4.141712033403369
10912,3.6870556167441046
10913,3.985031781112757
10914,4.302963782592675
10915,3.7610701050072333
10916,4.041535192435702
10917,4.439786304627846
10918,3.4863215358258746
10919,3.462088843348077
10920,3.8939096503256194
10921,3.469802948433234
10922,4.013506175248276
10923,4.427987756727163
10924,3.936707105591031
10925,3.960582154310633
10926,2.530237541373109
10927,3.782323793626172
10928,3.943141907428473
10929,4.336981560751651
10930,4.129956266259039
10931,3.875821054615077
10932,3.970861638767384
10933,3.34172026957995
10934,4.074116750009602
10935,2.7691412650353837
10936,4.083258635817401
10937,3.776231210420527
10938,3.295666234916208
10939,4.694554805108511
10940,3.801453701740992
10941,4.297333623145233
10942,3.817274518798604
10943,3.6898658508911653
10944,2.39145646138119
10945,2.427057015454026
10946,3.897071192827533
10947,4.282925031478885
10948,3.8584308103033913
10949,4.419551515590897
10950,4.1507180788134175
10951,3.8479465970394715
10952,4.138589833408447
10953,3.6811813535287246
10954,3.77188219376331
10955,3.861420148592015
10956,3.6828851703325602
10957,3.8456485443368944
10958,4.248296322722219
10959,4.067122579458606
10960,4.0585585142034715
10961,4.072664482700136
10962,3.990482336693839
10963,3.394585272018045
10964,4.487105126174976
10965,3.5869767238084735
10966,4.001144480712858
10967,4.016321756537795
10968,4.912812180625865
